type,business_name,email,username,phone,city,password,website,facebook,instagram,twitter,linkedin,whatsapp,logo,place_id
dealer,"Virtue Car Breakers and Recovery Services",biz.virtuecarbreakersand.rcyC4E@motorlink.test,virtue_car_breakers_and_reco,"0999 67 05 97",Lilongwe,p@8xTrr3Vpbv,,,,,,,yes,ChIJbUKPy_DTIRkRcX-JqrcyC4E
dealer,"Peter's Car Market",biz.peterscarmarket.0oiBaQ@motorlink.test,peter_s_car_market,"0997 73 60 53",Lilongwe,tf8UT75B4MBh,,,,,,,no,ChIJARarcgDTIRkRDoND40oiBaQ
dealer,"Luwe Car Dealing Services",biz.luwecardealingservic.NGijmI@motorlink.test,luwe_car_dealing_services,"0988 91 86 59",Lilongwe,@UkjVSP6Xqmp,,,,,,,yes,ChIJe1RgTwXTIRkR0Q8zcNGijmI
dealer,"Exports and imports",biz.exportsandimports.sMa7Pc@motorlink.test,exports_and_imports,"0990 92 29 49",Lilongwe,S#hSMgwCQEqf,,,,,,,no,ChIJdRUC2PTVIRkRSWiDPsMa7Pc
dealer,"Motor vehicle services",biz.motorvehicleservices.s0A05M@motorlink.test,motor_vehicle_services,"0999 91 94 20",Lilongwe,8fpSftKrxjUm,,,,,,,no,ChIJMwFWwTjTIRkROnIL1s0A05M
dealer,"Motorvilla Malawi",biz.motorvillamalawi.TqG1Fo@motorlink.test,motorvilla_malawi,"0888 89 95 92",Lilongwe,DHdgRS2!jNAd,http://www.motorvillamw.com/,,,,,,yes,ChIJZQG9q7_TIRkRhBasMTqG1Fo
dealer,"Divine Motors",biz.divinemotors.-17_6g@motorlink.test,divine_motors,"0888 92 58 33",Lilongwe,3Jkg8@AAq@M5,,,,,,,no,ChIJ_7Bz8GjTIRkRkPsq9-17_6g
dealer,"AutoGyr Solutions, Blantyre",biz.autogyrsolutionsblan.6upOOQ@motorlink.test,autogyr_solutions_blantyre,"0999 32 11 95",Blantyre,HGe@w3Xemb@S,https://www.autogyrsolutions.com/,,,,,,yes,ChIJg-oqlglF2BgRFDyTU6upOOQ
dealer,"J3 Motors",biz.j3motors.N7kaqg@motorlink.test,j3_motors,"0999 27 49 16",Blantyre,K8c6Ke!VrHvZ,http://www.walkersmw.blogspot.com/,,,,,,yes,ChIJIe1ctvFF2BgRjPo_zN7kaqg
dealer,"Nissan Malawi Limited",biz.nissanmalawilimited.LKVQK0@motorlink.test,nissan_malawi_limited,,Blantyre,8JHC#YJcjPmj,,,,,,,no,ChIJoSxztApF2BgRXpL6LLKVQK0
dealer,"Car Parking lot",biz.carparkinglot.YCfh8g@motorlink.test,car_parking_lot,"0882 64 44 91",Blantyre,3JHbyXxGT549,,,,,,,no,ChIJpZKzkKdF2BgR2PqfEYCfh8g
dealer,"Atuwa Imports",biz.atuwaimports.zt51iI@motorlink.test,atuwa_imports,,Blantyre,kXraAyExNA#P,,,,,,,yes,ChIJKUG6uWBF2BgRQII8ezt51iI
dealer,PICK-A-PART,biz.pickapart.bgmr0Y@motorlink.test,pick_a_part,"0888 33 28 28",Blantyre,nx8Szg6Cc4d!,,,,,,,yes,ChIJVQpwZPhF2BgR-nVeYbgmr0Y
dealer,"Arif Wholesale",biz.arifwholesale.q-rmAY@motorlink.test,arif_wholesale,"0212 821 907",Blantyre,2mBbef@kej9A,,,,,,,no,ChIJA7r1MzdP2BgRAxbbcq-rmAY
dealer,"BLANTYRE MOTOR VEHICLE INSPECTORATE CENTRE (BMVIC)",biz.blantyremotorvehicle.0QB87o@motorlink.test,blantyre_motor_vehicle_inspe,"0999 10 19 99",Blantyre,SeBnBz88q#8A,http://www.bmvic.com/,,,,,,yes,ChIJ__rDtY5a2BgRLDmzD0QB87o
dealer,"BROWN MOTORS",biz.brownmotors.rEIHSU@motorlink.test,brown_motors,"0991 41 09 81",Blantyre,kMJUw!6ztA7h,,,,,,,yes,ChIJ2cLDIqdb2BgR3NhudrEIHSU
dealer,"Drive Motors",biz.drivemotors.Z23ga4@motorlink.test,drive_motors,"01698 828738",Blantyre,2E!DC7te3t2D,http://www.drivemotors.co.uk/,https://www.facebook.com/drivemotorsblantyre,,,,,no,ChIJL1O28KtqiEgR3uuE6Z23ga4
dealer,"ROYAL MOTORS",biz.royalmotors.wx3kIk@motorlink.test,royal_motors,"01 843 084",Blantyre,wZ!snGEK97qG,http://www.royalmw.com/,,,https://twitter.com/favicon,,,yes,ChIJf2DTSUdP2BgRc6XC0wx3kIk
dealer,"BE FORWARD Malawi Mzuzu Office (TT)",biz.beforwardmalawimzuzu.mCIImY@motorlink.test,be_forward_malawi_mzuzu_o_2,"0986 32 29 84",Mzuzu,Tjfe98rWgb3k,https://www.beforward.jp/beforward_malawi,https://www.facebook.com/beforward,https://www.instagram.com/beforward,https://twitter.com/BEFORWARDJAPAN,,https://wa.me/818078019348,no,ChIJT8PApvs7HRkRxCpRkmCIImY
dealer,"Bliss Car Selling Agency",biz.blisscarsellingagenc.9p0kiw@motorlink.test,bliss_car_selling_agency,"0996 98 30 00",Mzuzu,eHhJVHeUcUMA,https://www.blisscaragencies.com/,,,,,,yes,ChIJY8FceHE7HRkR7X0919p0kiw
dealer,"Kingsrides Limited",biz.kingsrideslimited.kUsvLU@motorlink.test,kingsrides_limited,"0992 66 86 36",Mzuzu,4g8pdPpYEavP,https://facebook.com/kingsridesltd,https://www.facebook.com/kingsridesltd,,,,,no,ChIJxxK_bEo7HRkR_PD8xkUsvLU
dealer,"NISSAN MW MZUZU BRANCH",biz.nissanmwmzuzubranch.6Uz7MY@motorlink.test,nissan_mw_mzuzu_branch,"01 303 071",Mzuzu,36M8W5nasHD2,,,,,,,yes,ChIJRS83CLw6HRkRM3CpR6Uz7MY
dealer,"I.A.M Motors",biz.iammotors.YdQNuQ@motorlink.test,i_a_m_motors_2,"0999 94 70 28",Mzuzu,#nxmdrvmN!@8,,,,,,,yes,ChIJF9E8MAAxHRkRLLTfcYdQNuQ
dealer,"MGM CARDEALERSHIP",biz.mgmcardealership.jIX5g4@motorlink.test,mgm_cardealership,"0991 29 12 23",Mzuzu,sa2Rqr5dt3@q,,,,,,,yes,ChIJ98NXNawxHRkRvW4xSjIX5g4
dealer,"Moses Autoparts",biz.mosesautoparts.7iv-1w@motorlink.test,moses_autoparts,"0999 43 00 20",Mzuzu,d@mHnu2Ea6yh,,,,,,,no,ChIJwSRaw_07HRkR2ltmG7iv-1w
dealer,"Dhumisani Aglo Dealer and Security Consultant",biz.dhumisaniaglodealera.D3EtTE@motorlink.test,dhumisani_aglo_dealer_and_se,"0888 56 32 67",Mzuzu,xjRPM8DqU#w!,,,,,,,yes,ChIJK5WmiIAxHRkRNu4y6D3EtTE
dealer,"Star Automotive and Yamaha bikes sales",biz.starautomotiveandyam.GQ0rnY@motorlink.test,star_automotive_and_yamaha_b,,Mzuzu,kxwx@3UHE#!u,,,,,,,no,ChIJoVTyjvM7HRkRZibJBGQ0rnY
dealer,"M Fix Motors",biz.mfixmotors.B7RYpc@motorlink.test,m_fix_motors,,Mzuzu,nN8t3SZXhnD3,,,,,,,no,ChIJZWjomFE7HRkRCeaBWB7RYpc
dealer,"Autofix car services",biz.autofixcarservices.YdVqK4@motorlink.test,autofix_car_services,,Mzuzu,RrS98nwUK2MQ,,,,,,,no,ChIJnTw8CgA7HRkRWVLGaYdVqK4
dealer,"Kawawa Motors",biz.kawawamotors.3JXIRw@motorlink.test,kawawa_motors,"0882 96 96 32",Mzuzu,NAfTRV!9xmUH,,,,,,,yes,ChIJ18k6QAA7HRkRGyAuR3JXIRw
dealer,"Masamba house johnik leaf motors",biz.masambahousejohnikle.qRPhXo@motorlink.test,masamba_house_johnik_leaf_mo,"0881 38 68 44",Mzuzu,4szTGwv!@dNT,,,,,,,yes,ChIJxaLa2Ns7HRkRr8IiEqRPhXo
dealer,"Don't Quit Motors",biz.dontquitmotors.HX3Ky8@motorlink.test,don_t_quit_motors,"0981 37 35 12",Mzuzu,5USeYEgb@5kK,,,,,,,yes,ChIJH-rSBAA7HRkRPD793HX3Ky8
dealer,"Double M Motors",biz.doublemmotors.H-474s@motorlink.test,double_m_motors,"01 325 221",Mzuzu,#wfSY3KMseNt,,,,,,,yes,ChIJSyz8ilYxHRkREA1k6H-474s
dealer,"Unique Motors (Tondey Garage)",biz.uniquemotorstondeyga.MqUe8U@motorlink.test,unique_motors_tondey_garage,"0999 94 36 56",Mzuzu,uTJp2d2Ub8Vu,,,,,,,yes,ChIJgeRF4F0xHRkRV-uvRMqUe8U
dealer,"Chimwemwe starterMotor's and turbo chargers",biz.chimwemwestartermoto.xcadmo@motorlink.test,chimwemwe_startermotor_s_and,"0999 62 10 05",Mzuzu,adKkMK#h#ZpY,,,,,,,yes,ChIJwZuPMRc7HRkRCrsvhxcadmo
dealer,"EMMALY GENERAL DEALERS",biz.emmalygeneraldealers.wKnanc@motorlink.test,emmaly_general_dealers,"0880 55 27 20",Mzuzu,vmxEnfuR5zck,,,,,,,yes,ChIJ0b4SHYIxHRkRiBqEywKnanc
dealer,"CFAO Mobility Malawi Ltd",biz.cfaomobilitymalawilt.K-tjLA@motorlink.test,cfao_mobility_malawi_ltd,,Mzuzu,eHUmmCWF9Rn!,,,,,,,no,ChIJ58P2SgA7HRkR0SebFK-tjLA
dealer,"Shammah cars buying n selling",biz.shammahcarsbuyingnse.zqNHnA@motorlink.test,shammah_cars_buying_n_sellin,"0882 33 85 66",Mzuzu,QFtyFAaC!pVm,,,,,,,yes,ChIJ28NnVFUxHRkRCt3xvzqNHnA
dealer,"Empire Car Dealer",biz.empirecardealer.0vpaas@motorlink.test,empire_car_dealer,"0884 15 80 84",Lilongwe,HWBFp2mJcdzh,,,,,,,yes,ChIJRxG0FwBZ2BgRIHysL0vpaas
dealer,"Mzuzu Youth Technical Organization T/A German Yard Garage",biz.mzuzuyouthtechnicalo.cjgG6I@motorlink.test,mzuzu_youth_technical_organi,"0882 96 77 10",Mzuzu,NCYn4WKB#ssU,,,,,,,yes,ChIJJ3KmAW0xHRkReGT1xcjgG6I
dealer,"Mzuzu Panel Beaters Workshop",biz.mzuzupanelbeaterswor.INk6q4@motorlink.test,mzuzu_panel_beaters_workshop,"01 312 403",Mzuzu,KyvEsU@fSXQ@,,,,,,,no,ChIJzcs7kqs7HRkREysnxINk6q4
dealer,"Blessings Mwandira",biz.blessingsmwandira.s6lTeo@motorlink.test,blessings_mwandira,"0884 01 02 02",Mzuzu,Tue@nw5dzuTX,https://www.sagabmw.com/,,,,,,no,ChIJu-hdHm4xHRkRsP4qis6lTeo
dealer,"Motor Vehicle Services",biz.motorvehicleservices.FzYImI@motorlink.test,motor_vehicle_services_2,"0884 64 50 05",Mzuzu,8nFbASGCkvYY,,,,,,,yes,ChIJQXu8sSg7HRkRXcS94FzYImI
dealer,"Mzuzu Bus Depot",biz.mzuzubusdepot.BCEZoY@motorlink.test,mzuzu_bus_depot,"0886 29 81 12",Mzuzu,Yy2Eax7scPkW,,,,,,,yes,ChIJS8ZJqKw7HRkR5djC2BCEZoY
dealer,"Vehicle servicing",biz.vehicleservicing.wSi0Aw@motorlink.test,vehicle_servicing,"0881 24 46 55",Mzuzu,SM#!U#x9RUmD,,,,,,,yes,ChIJmYeTaTA7HRkRt9EPgwSi0Aw
dealer,"REGIONAL ROAD TRAFFIC DIRECTORATE",biz.regionalroadtrafficd.hs_SqM@motorlink.test,regional_road_traffic_direct,,Mzuzu,ueTJGxuM6vGq,,,,,,,no,ChIJYQzp8GA6HRkRagOAUhs_SqM
dealer,"Don't Quit Motors",biz.dontquitmotors.cL1AIk@motorlink.test,don_t_quit_motors_2,"0981 37 35 12",Mzuzu,6Mx5CgP!GByS,,,,,,,yes,ChIJEQ1_ia87HRkRGEOgVcL1AIk
dealer,"Stars Travel-Mzuzu",biz.starstravelmzuzu.ce5Njo@motorlink.test,stars_travel_mzuzu,"0994 64 39 17",Mzuzu,a@HFzS3r5Hws,http://www.stars-travel.com/,,,,,https://wa.me/265997961600,yes,ChIJowyCe887HRkRlNrYDce5Njo
dealer,"Country Boy Car dealers - Malawi",biz.countryboycardealers.8tro6k@motorlink.test,country_boy_car_dealers_mala,"0999 32 73 81",Zomba,3yph9qpMFEzS,,,,,,,yes,ChIJc2DGAGkF2RgRzkkEN8tro6k
dealer,"Driveline Auto Dealers",biz.drivelineautodealers.rCCtck@motorlink.test,driveline_auto_dealers,"0999 61 20 06",Zomba,D5!jmM9b8QbB,,,,,,,no,ChIJH3UK9XgF2RgR7z1UArCCtck
dealer,"Manuel agent car and house buy and selling",biz.manuelagentcarandhou.PNioiI@motorlink.test,manuel_agent_car_and_house_b,,Zomba,#eYjD3TZZRha,,,,,,,yes,ChIJhR7esVIF2RgRnZUZWPNioiI
dealer,"Everson garage and general dealers",biz.eversongarageandgene.HvVxyw@motorlink.test,everson_garage_and_general_d,,Zomba,r6YU8cefdASe,,,,,,,yes,ChIJa_qFegAF2RgRz-QF8HvVxyw
dealer,"Battery&Tyre Centre",biz.batterytyrecentre.GET95M@motorlink.test,battery_tyre_centre,"0995 21 65 13",Zomba,xG3sdTrHHKfb,,,,,,,yes,ChIJsd4SqWcF2RgRlgn-SGET95M
dealer,"NTASA's ABODE",biz.ntasasabode.em-OG0@motorlink.test,ntasa_s_abode,"0999 16 11 16",Zomba,B9!uYPMscFYP,,,,,,,no,ChIJubFBps4D2RgR0tI6Gem-OG0
dealer,Zomba,biz.zomba.cqnFz8@motorlink.test,zomba,,Zomba,dgMxeKtsJ9mt,,,,,,,yes,ChIJVVmc5qQE2RgR3vdg7cqnFz8
dealer,"Annie's Lodge Zomba",biz.annieslodgezomba.53OKiA@motorlink.test,annie_s_lodge_zomba,"0999 95 76 08",Zomba,wbyj@3peNRXn,https://annieslodge.com/,,,,,,yes,ChIJuQKMAbYE2RgRWfgkp53OKiA
dealer,"R M general dealers",biz.rmgeneraldealers.XIwVAY@motorlink.test,r_m_general_dealers,"0995 26 67 49",Zomba,MQXDNzw78JB#,,,,,,,yes,ChIJZWMd4tkF2RgRtECAjXIwVAY
dealer,"Hospital Car Park",biz.hospitalcarpark.dy0zts@motorlink.test,hospital_car_park,,Zomba,k@HqbEBxfkwy,,,,,,,yes,ChIJ-5eoug0F2RgRinTgJdy0zts
dealer,"Miko Investment and General Dealers",biz.mikoinvestmentandgen.MUfNrE@motorlink.test,miko_investment_and_general_,"0999 14 54 22",Zomba,AtcRgD6UMHRm,,,,,,,no,ChIJAavrnE4F2RgRq2Nl3MUfNrE
dealer,"Abu's Auto spares & service garage",biz.abusautosparesservic.iiKZyk@motorlink.test,abu_s_auto_spares_service_ga,"0992 16 73 49",Zomba,STp#4MtWPFsn,,,,,,,yes,ChIJK-9Eq5EF2RgR7icp2iiKZyk
dealer,"Agro dealer",biz.agrodealer.mfDagY@motorlink.test,agro_dealer,,Zomba,mJVrxX9ttFmM,,,,,,,yes,ChIJLewJTAoF2RgRT8dyLmfDagY
dealer,"Road Traffic",biz.roadtraffic.iYTX58@motorlink.test,road_traffic,"01 524 955",Zomba,WEn@4WRrr@ep,,,,,,,yes,ChIJM6pg57cE2RgRBaWyWiYTX58
dealer,"Zomba National Registration Bureau",biz.zombanationalregistr.ZMj9kE@motorlink.test,zomba_national_registration_,,Zomba,gXxh2euVn8c3,,,,,,,yes,ChIJuxp4LgAF2RgRMXJ4QZMj9kE
dealer,"Moto Mw",biz.motomw.YjqoVo@motorlink.test,moto_mw,"0991 93 33 99",Zomba,TF@8vq5UUWb@,,,,,,,no,ChIJs4OWMRgF2RgRILnYlYjqoVo
dealer,"Seanmike Motors",biz.seanmikemotors.iTQVsA@motorlink.test,seanmike_motors,,Zomba,RuXmh@8bEf8u,,,,,,,yes,ChIJGVSWGAAF2RgR6gIvOiTQVsA
dealer,"Khama Driving School",biz.khamadrivingschool.6WSt1E@motorlink.test,khama_driving_school,,Zomba,ZcV7y#mEuPvz,,,,,,,yes,ChIJR9NXEOoF2RgRccWfS6WSt1E
dealer,"Zomba City Council, Civic Offices",biz.zombacitycouncilcivi.GvYUJ8@motorlink.test,zomba_city_council_civic_off,"01 524 004",Zomba,pAWJ9V3a4@J@,http://www.zombacitycouncil.mw/,,,,,,yes,ChIJ1SSW5roE2RgRvg90lGvYUJ8
dealer,"Speed Courier and Logistics Zomba",biz.speedcourierandlogis.3Hs5OY@motorlink.test,speed_courier_and_logistics_,"0984 70 42 02",Zomba,kbxMEHv3YpCy,,,,,,,yes,ChIJDxHn_nAF2RgREKwEl3Hs5OY
dealer,"Maulidi's driving school",biz.maulidisdrivingschoo.SUflFc@motorlink.test,maulidi_s_driving_school,"0999 91 64 87",Zomba,VyMjx@SWGw8U,,,,,,,yes,ChIJX4HQY24F2RgRM1YGVSUflFc
dealer,"CASH INVESTMENT LOAN",biz.cashinvestmentloan.uI_jDo@motorlink.test,cash_investment_loan,"0212 544 388",Zomba,mH2hgFEyBTN7,,,,,,,no,ChIJMTYWYGsF2RgRGD0EcuI_jDo
dealer,Maya,biz.maya.v_6JJw@motorlink.test,maya,,Zomba,CbVE@HYJ9ETQ,,,,,,,yes,ChIJkfXPYAAF2RgR_APyev_6JJw
dealer,"Hope for the Future",biz.hopeforthefuture.9CHU2E@motorlink.test,hope_for_the_future,"0995 80 21 84",Zomba,a3qGAMctNF9N,http://www.mission2malawi.com/,https://www.facebook.com/ovi.cornea,,https://twitter.com/sh,,,yes,ChIJU_POMrcE2RgRiI0D09CHU2E
dealer,KayLinks-Malawi,biz.kaylinksmalawi.vT8u3o@motorlink.test,kaylinks_malawi,"01 254 482",Kasungu,tNMDQzKsqj6k,,,,,,,no,ChIJx4uqb-fpHhkR-YZz-vT8u3o
dealer,"CHECK US MOTOR SPARE PARTS",biz.checkusmotorsparepar.TiPu_4@motorlink.test,check_us_motor_spare_parts,"0991 17 39 52",Kasungu,JftjbG9DzSvb,,,,,,,yes,ChIJ8aG_ZajpHhkR7ulpbTiPu_4
dealer,"Work 24/6 Motors",biz.work246motors.XL6rSI@motorlink.test,work_24_6_motors,"0992 99 40 43",Kasungu,EbsFtUM3ADPQ,https://www.youtube.com/channel/UCYJ9KWPBa6QmXRMHfOmBqIQ,,,,,,yes,ChIJx6PSj6frHhkRsxSLZXL6rSI
dealer,"Kapalasa Trading",biz.kapalasatrading.lk3YbY@motorlink.test,kapalasa_trading,"0884 61 11 99",Kasungu,Be39Yba4c4hQ,,,,,,,no,ChIJg4eAR3_pHhkR0yEcklk3YbY
dealer,Kasungu,biz.kasungu.5k8FTs@motorlink.test,kasungu,,Kasungu,8dH62xxghfeM,,,,,,,yes,ChIJfwpnCHjpHhkRO4x2m5k8FTs
dealer,"Chingola Car Breaking",biz.chingolacarbreaking.zJtJnw@motorlink.test,chingola_car_breaking,"0888 17 82 56",Lilongwe,ZT6BF4wvP!a#,,,,,,,no,ChIJJR79cblP2BgRX28LxzJtJnw
dealer,"SM Enterprise Kasungu",biz.smenterprisekasungu.3MjsRY@motorlink.test,sm_enterprise_kasungu,,Kasungu,m#KQ6v#vGEw9,https://smenterprises.mw/,,,,,,yes,ChIJEZNqIezpHhkR5kIJ73MjsRY
dealer,Maplot,biz.maplot.OuOCO0@motorlink.test,maplot,"0999 01 56 06",Kasungu,@MHwQqRDMHBs,,,,,,,yes,ChIJbRhe5DvpHhkRURYpOOuOCO0
dealer,"Yewo Car importers",biz.yewocarimporters.q2lwVU@motorlink.test,yewo_car_importers,"0884 63 04 82",Lilongwe,pgXsQ3xCzpQ#,,,,,,,yes,ChIJuTymOjDTIRkR9-emgq2lwVU
dealer,"M1 garage and car breaking",biz.m1garageandcarbreaki.wSe4ys@motorlink.test,m1_garage_and_car_breaking,,Kasungu,jpU3p#DpRGpM,,,,,,,no,ChIJGwYCbADpHhkRvm55MwSe4ys
dealer,"National Bank Of Malawi (KASUNGU SERVICE CENTRE)",biz.nationalbankofmalawi.ObAbWc@motorlink.test,national_bank_of_malawi_kasu,"01 253 308",Kasungu,BDs6Tq5qd3RM,http://natbank.co.mw/index.php/find-a-service-centre/53-kasungu-service-centre,https://www.facebook.com/NationalBankOfMalawi,,https://twitter.com/nbmplc,,,no,ChIJqddUyZ3pHhkRNYkcaObAbWc
dealer,"TotalEnergies Kasungu Main Service Station",biz.totalenergieskasungu.r9kisg@motorlink.test,totalenergies_kasungu_main_s,"0999 01 44 33",Kasungu,rz!cWrSCgQGW,https://mw.totalenergies.com/,,,,,,yes,ChIJ6UY9qmHpHhkRsFr6Ur9kisg
dealer,"Municipal Council",biz.municipalcouncil.DxmLgU@motorlink.test,municipal_council,,Kasungu,ZPFHA65@U7Uq,,,,,,,yes,ChIJxU9QVZ3pHhkRJKm3CDxmLgU
dealer,"Mangochi Bus Depot",biz.mangochibusdepot.BAZAoU@motorlink.test,mangochi_bus_depot,,Mangochi,tcJssAx3CNav,,,,,,,yes,ChIJpeTP2HTj3hgRcAPfLBAZAoU
dealer,"Tyre sales and repairs both rims &tubes",biz.tyresalesandrepairsb.R1Cuxk@motorlink.test,tyre_sales_and_repairs_both_,,Mangochi,KPqw4sv4UEKU,,,,,,,no,ChIJfS-4DCvj3hgRr144ZR1Cuxk
dealer,"CC CAFE RIVERSIDE",biz.cccaferiverside.bbvAD4@motorlink.test,cc_cafe_riverside,,Mangochi,DXRP7sXKc8UN,,,,,,,yes,ChIJcTSxRQDj3hgRhTP_fbbvAD4
dealer,"Extreme Engineering Zomba",biz.extremeengineeringzo.hJxRYk@motorlink.test,extreme_engineering_zomba,"0996 57 06 40",Mangochi,gzRWFQW6yYHq,,,,,,,yes,ChIJp-z-Bcnj3hgRbkpK9hJxRYk
garage,"Total Care Motors",biz.totalcaremotors.A-Ahuc@motorlink.test,total_care_motors,"0991 84 58 61",Lilongwe,nnm9aarc3!4q,,,,,,,yes,ChIJT55Giy3TIRkRlmZ8XA-Ahuc
garage,"Tyre Trove",biz.tyretrove.7AgzWM@motorlink.test,tyre_trove,"0999 11 80 77",Lilongwe,tbfXks!Mh76Y,,,,,,,yes,ChIJ1ToXSbDTIRkRWz3Mn7AgzWM
garage,"MONTI MOTORS",biz.montimotors.dzrKUc@motorlink.test,monti_motors,"0995 49 12 46",Lilongwe,JKR@gx787tvu,,,,,,,yes,ChIJi5VTLtPVIRkRkjL6sdzrKUc
garage,"First class car wash and service centre",biz.firstclasscarwashand.ElChNk@motorlink.test,first_class_car_wash_and_ser,"0998 13 81 35",Lilongwe,3Dre2AJWUnrc,,,,,,,yes,ChIJffYMfr_VIRkRd822NElChNk
garage,"Stomrm Auto Mechanic workshop",biz.stomrmautomechanicwo.P6EgtU@motorlink.test,stomrm_auto_mechanic_worksho,"0997 82 18 99",Lilongwe,sxdjhfTjwKqg,,,,,,,yes,ChIJ37cmfQDNIRkRka9jlP6EgtU
garage,"Andrews Panel Beaters and Car Breaking",biz.andrewspanelbeatersa.dx-ams@motorlink.test,andrews_panel_beaters_and_ca,"0993 13 63 00",Lilongwe,KHqfUsBQ43Ym,,,,,,,yes,ChIJefTW2sTTIRkRDiyqEdx-ams
garage,"Bulirani Panel Beaters",biz.buliranipanelbeaters.b6tPEw@motorlink.test,bulirani_panel_beaters,"0999 22 91 57",Lilongwe,nV@yN6yS9fxy,,,,,,,no,ChIJp3wqph_TIRkRbWJJ1b6tPEw
garage,"Autoboyz Panel beaterz",biz.autoboyzpanelbeaterz.QM7VHg@motorlink.test,autoboyz_panel_beaterz,"0991 93 51 86",Lilongwe,RCjqYEqQ9kWx,,,,,,,yes,ChIJo_SH8s_TIRkR_0PFBQM7VHg
garage,"LIMPOPO PANEL BEATERS",biz.limpopopanelbeaters.1DNAqI@motorlink.test,limpopo_panel_beaters,"0888 07 22 30",Lilongwe,T#pHTWvTpTE!,,,,,,,no,ChIJg1X3SHktIBkR7aMs51DNAqI
garage,"fortune panel beaters",biz.fortunepanelbeaters.UwfHzU@motorlink.test,fortune_panel_beaters,,Lilongwe,HJHe@eGqCSxH,https://malawi-business.com/fortune-panel-beating/,,,,,,no,ChIJv3IQDgDTIRkRbhY3YUwfHzU
garage,"J&F Motors",biz.jfmotors.j4wBuA@motorlink.test,j_f_motors,"0888 16 19 10",Lilongwe,uWsH3@PtrJv!,https://twitter.com/j_and_f_motors,,,https://twitter.com/j_and_f_motors,,,yes,ChIJ0csCo-XVIRkRHieHPj4wBuA
garage,"Kalie Service Shop",biz.kalieserviceshop.4babLk@motorlink.test,kalie_service_shop,"0999 39 27 77",Lilongwe,KXZb2zuM#zRA,,,,,,,no,ChIJS-O5q1jTIRkRxUZU94babLk
garage,"Paramount Auto Paints",biz.paramountautopaints.-tV61A@motorlink.test,paramount_auto_paints,"0994 40 99 94",Lilongwe,#F3xv4ZE@QEu,,,,,,,yes,ChIJC7aRDgDTIRkRWnwxZ-tV61A
garage,"WIMA AUTO PAINTS",biz.wimaautopaints.egVnIg@motorlink.test,wima_auto_paints,"0994 70 09 46",Lilongwe,j!rEGWZHYry6,,,,,,,yes,ChIJtQT1dinTIRkRxXHT4egVnIg
garage,"Lcb Automotive",biz.lcbautomotive.KXE9hA@motorlink.test,lcb_automotive,"0980 03 36 40",Lilongwe,sQW6dKw8CWMM,,,,,,,no,ChIJnZSxkTjbIRkRs8W6lKXE9hA
garage,"AUTO CARE COLOR SOLUTION",biz.autocarecolorsolutio.1Zem6o@motorlink.test,auto_care_color_solution,"0994 48 86 15",Lilongwe,2w!D7HZS#XJh,,,,,,,yes,ChIJhxZjXSvVIRkR9g_KT1Zem6o
garage,"NKHAMUL TRADING",biz.nkhamultrading.jg6x8c@motorlink.test,nkhamul_trading,"0888 35 71 26",Lilongwe,acf38TnfYakN,http://bit.ly/nkhamultrading,,,,,https://wa.me/265992694638,yes,ChIJl0o-hWDTIRkRkwAMljg6x8c
garage,"PARAMOUNT AUTO PARTS & PAINTS",biz.paramountautopartspa.aZqUqg@motorlink.test,paramount_auto_parts_paints,"0999 87 01 44",Blantyre,6ENhEGUJw3Rm,http://www.paramountautomw.com/,https://www.facebook.com/ParamountAutoPartsmw,https://www.instagram.com/paramountgroupofcompanies,,,,yes,ChIJE_aoTABP2BgRnwcKuaZqUqg
garage,HELIOS,biz.helios.lMSyiE@motorlink.test,helios,"0995 32 16 16",Lilongwe,ThE5pUS#7PqW,,,,,,,yes,ChIJ7dGByhnTIRkRhXrdvlMSyiE
garage,"Tropical Paints Lilongwe",biz.tropicalpaintslilong.Rj22WA@motorlink.test,tropical_paints_lilongwe,"0888 53 67 86",Lilongwe,Zv6cG@gtyJ@@,http://www.ogpaints.com/,https://www.facebook.com/photo.php,,,,,no,ChIJRfy_zo_TIRkRqAr0QRj22WA
garage,"KINGWELL TYRE CENTRE TRADING AS KWIK FIT",biz.kingwelltyrecentretr.zorN-Q@motorlink.test,kingwell_tyre_centre_trading,"0983 75 01 65",Lilongwe,9YgFYnbQeKNF,http://www.ktcmw.com/,,,,,,yes,ChIJL-CKR-otIBkRyDo5_zorN-Q
garage,"Associated Suppliers Lilongwe",biz.associatedsuppliersl.XPGJ2E@motorlink.test,associated_suppliers_lilongw,"0891 00 28 30",Lilongwe,#2Jnm9U28Bb3,http://www.associaitedmw.com/,,,,,,yes,ChIJEaqusZfTIRkRVfRWiXPGJ2E
garage,TITAZITYRES,biz.titazityres.GjcOqI@motorlink.test,titazityres,"0993 55 32 70",Lilongwe,gmvw3dW8qpb4,,,,,,,yes,ChIJM-QQEQDTIRkRER9I6GjcOqI
garage,"Mapeto Tyres",biz.mapetotyres.j80Hss@motorlink.test,mapeto_tyres,"0885 31 33 13",Lilongwe,uk6Jbj9BeQbR,,,,,,,yes,ChIJ2aD2bgDTIRkRfIYTpj80Hss
garage,"BTW - Battery Tyre World",biz.btwbatterytyreworld.3fpeI0@motorlink.test,btw_battery_tyre_world,"0999 93 09 30",Lilongwe,muJ6znTGbVuq,https://facebook.com/btwlilongwe/,https://www.facebook.com/btwlilongwe,,,,,yes,ChIJOV8X1xjTIRkRtfrTD3fpeI0
garage,"Kwik-Fit KTC",biz.kwikfitktc.m2XJ-I@motorlink.test,kwik_fit_ktc,,Lilongwe,2ThZ2mK3mb8B,http://kwikfitmw.com/,https://www.facebook.com/kwikfitzambia,https://www.instagram.com/kwikfitzm,https://twitter.com/KwikfitZed,https://www.linkedin.com/company/kwikfitmw,,yes,ChIJ6ySgXTfTIRkRffjO2m2XJ-I
garage,"Baro Traders",biz.barotraders.hfG4zw@motorlink.test,baro_traders,"0994 04 76 20",Lilongwe,2jqEU7DfQBJk,,,,,,,yes,ChIJUbNLVI_TIRkRzc85uhfG4zw
garage,"Wheels & Exhaust Centre",biz.wheelsexhaustcentre.ssZ6Sg@motorlink.test,wheels_exhaust_centre,,Lilongwe,tUqny@qw678d,,,,,,,yes,ChIJ6bwzPQDTIRkRc2eT7ssZ6Sg
garage,Treadmasters,biz.treadmasters.nHqrPE@motorlink.test,treadmasters,"0993 75 76 45",Lilongwe,@6cPvRb6vT@Z,http://treadmastersmw.com/,,,,,,no,ChIJu4-UJQDTIRkRsH1O1nHqrPE
garage,"Fast wheels",biz.fastwheels.YUOaaE@motorlink.test,fast_wheels,,Lilongwe,x6BEe5bQewe3,,,,,,,yes,ChIJxcjpfyTTIRkRsWVQbYUOaaE
garage,"Kwik Fit Biwi",biz.kwikfitbiwi.iz4Z4c@motorlink.test,kwik_fit_biwi,"0995 70 39 35",Lilongwe,6qNvqYB2Aafx,http://www.kwikfit.africa/,https://www.facebook.com/kwikfitzambia,https://www.instagram.com/kwikfitzm,https://twitter.com/KwikfitZed,https://www.linkedin.com/company/kwikfitmw,,yes,ChIJi4BJFd7TIRkRBlpYWiz4Z4c
garage,"Tyre City",biz.tyrecity.7-8VBo@motorlink.test,tyre_city,,Lilongwe,5uwGhFP@bDPG,,,,,,,yes,ChIJ2UNF7XjTIRkRmcS1k7-8VBo
garage,"Nu-Tread Limited",biz.nutreadlimited.xAo8M4@motorlink.test,nu_tread_limited,"01 751 061",Lilongwe,J59E3gJ2kTvn,,,,,,,yes,ChIJq2RLeh7TIRkR7CMtyxAo8M4
garage,"Fit N Fix",biz.fitnfix.uAEZo8@motorlink.test,fit_n_fix,,Lilongwe,CJ!APaBjS62e,,,,,,,yes,ChIJKSB-juvTIRkRj-DsYuAEZo8
garage,"Kally B Motors",biz.kallybmotors.LetJuQ@motorlink.test,kally_b_motors,"0999 44 36 84",Lilongwe,48EbgTWvJsGr,,,,,,,yes,ChIJ3wSadAAtIBkRd4tkGLetJuQ
garage,"Top Gear",biz.topgear.qlRAuc@motorlink.test,top_gear,"0999 36 94 49",Lilongwe,2Sr3kyTEDnMa,,,,,,,yes,ChIJSbiShmXTIRkR0OFDhqlRAuc
garage,"North End Motors Ltd.",biz.northendmotorsltd.qn-PrM@motorlink.test,north_end_motors_ltd,"0999 96 02 36",Lilongwe,pdVh@ApXek3n,,,,,,,yes,ChIJOYlK6bDSIRkRvsa-3qn-PrM
garage,"Auto electrics and diesel supply",biz.autoelectricsanddies.UfPA-U@motorlink.test,auto_electrics_and_diesel_su,,Lilongwe,eyJscRrW7DpK,,,,,,,yes,ChIJcyYnhkHTIRkRvtezlUfPA-U
garage,"blessings auto electrical parts",biz.blessingsautoelectri.RSHicI@motorlink.test,blessings_auto_electrical_pa,"0999 51 93 26",Lilongwe,xdmvf#ePAXsV,https://site-j2yjg4nvn.godaddysites.com/,,,,,https://wa.me/2650999519326,no,ChIJhSMGdw_TIRkRRu4-cRSHicI
garage,"Kho auto electrics",biz.khoautoelectrics.0Y6yZI@motorlink.test,kho_auto_electrics,,Lilongwe,hd6ws78GNj3Z,,,,,,,yes,ChIJT_lhBgDTIRkRIdqfc0Y6yZI
garage,"Imani Auto Giant",biz.imaniautogiant.KOy3UU@motorlink.test,imani_auto_giant,"0999 22 45 65",Lilongwe,FXXHnnyPuB!3,,,,,,,yes,ChIJaS0aZCHTIRkRMcxTXKOy3UU
garage,"Katiyi auto sales and services",biz.katiyiautosalesandse.iz6Ux4@motorlink.test,katiyi_auto_sales_and_servic,,Lilongwe,uzJ4xhmprK#A,,,,,,,no,ChIJQ-VvP7TTIRkRfRtIOiz6Ux4
garage,"Hassan Automotive",biz.hassanautomotive.ylCsRs@motorlink.test,hassan_automotive,"0996 83 25 58",Lilongwe,jUBBenmmRM5v,,,,,,,yes,ChIJnzCEiG7TIRkRYxyhMylCsRs
garage,"McDaff Gaffar",biz.mcdaffgaffar.wK7fgk@motorlink.test,mcdaff_gaffar,"0995 83 82 28",Lilongwe,JTMFJCg@yVyY,,,,,,,no,ChIJj4cfu6XTIRkRQ1jAJwK7fgk
garage,"victors carcare",biz.victorscarcare.cVxgQI@motorlink.test,victors_carcare,,Lilongwe,UuReRM75ghzc,,,,,,,yes,ChIJ6T-C1MrTIRkRT2uAtcVxgQI
garage,"Mpezeni Spare Parts",biz.mpezenispareparts.y8qtoU@motorlink.test,mpezeni_spare_parts,"0998 20 28 62",Lilongwe,ZDrEfuKbBGdv,https://facebook.com/MpezeniDirect,https://www.facebook.com/MpezeniDirect,,,,,yes,ChIJc9whEp_TIRkRDFv_9y8qtoU
garage,"Multi Auto Parts Company",biz.multiautopartscompan.3SbugY@motorlink.test,multi_auto_parts_company,"0998 79 27 86",Lilongwe,rTsBJu8xyvRb,,,,,,,no,ChIJszuaIMnTIRkRXT-7q3SbugY
garage,"M1 Road",biz.m1road.nWcGEQ@motorlink.test,m1_road,"0999 49 33 94",Lilongwe,tFRUbCHZZYCt,,,,,,,yes,ChIJzyY0IYXNIRkRHYDL9nWcGEQ
garage,"Blessed Offsprings GD Auto Spare Shop",biz.blessedoffspringsgda.RE6s5I@motorlink.test,blessed_offsprings_gd_auto_s,"0999 49 33 94",Lilongwe,AqzbqndPd#j@,,,,,,,yes,ChIJHWNkIfPNIRkRZBR7ERE6s5I
garage,"Kan Autoparts",biz.kanautoparts.V0XQHs@motorlink.test,kan_autoparts,"0884 88 11 21",Lilongwe,5FnP7wXbN92J,https://web.facebook.com/profile.php?id=61554672196821,https://www.facebook.com/people/Kan-Autoparts,,,,,yes,ChIJy5i-HufVIRkRGXGVtV0XQHs
garage,"Yattsman & Boltsman Auto Parts",biz.yattsmanboltsmanauto.GEo2V8@motorlink.test,yattsman_boltsman_auto_parts,"0999 95 02 09",Lilongwe,J6YT3kk8FqwA,,,,,,,yes,ChIJyf8q-TzNIRkRxO_esGEo2V8
garage,"Car Truck And Trailer Auto Spares",biz.cartruckandtrailerau.NS7WHg@motorlink.test,car_truck_and_trailer_auto_s,"0999 03 37 72",Lilongwe,PGEQzyfxsk2D,,,,,,,yes,ChIJieF4Wx_TIRkRYtFMLNS7WHg
garage,"Authentic Automobile Services Spare Parts Shop",biz.authenticautomobiles.b2TmCw@motorlink.test,authentic_automobile_service,"0999 39 07 77",Lilongwe,pYEzzPj#d!uj,,,,,,,yes,ChIJ5RWXrTrTIRkRuVRRJb2TmCw
garage,"CRUISE AUTOMOTIVE SOLUTIONS",biz.cruiseautomotivesolu.WXHEhk@motorlink.test,cruise_automotive_solutions,"0999 45 69 80",Lilongwe,t9mx9DBDbrbs,,,,,,,yes,ChIJOw2x4gktIBkR7SmiOWXHEhk
garage,"CFAO MOBILITY-Queens mall parts outlet",biz.cfaomobilityqueensma.uWNtq8@motorlink.test,cfao_mobility_queens_mall_pa,"0992 85 57 32",Lilongwe,gHAcC@zj7h26,,,,,,,yes,ChIJoVf0XQDTIRkRshMNpuWNtq8
garage,"Sahara Parts Centre",biz.saharapartscentre.xUNyoM@motorlink.test,sahara_parts_centre,"0999 92 10 62",Lilongwe,MXB2VJefck8H,,,,,,,yes,ChIJ0_Ozlx3TIRkRAP2o3xUNyoM
garage,Mascon,biz.mascon.ttHPRk@motorlink.test,mascon,"0997 11 92 22",Lilongwe,jnHvxr8tszwf,,,,,,,yes,ChIJo-eR8gnTIRkR9iVj0ttHPRk
garage,"VISCOCITY MOTOR PARTS",biz.viscocitymotorparts.GpAYbI@motorlink.test,viscocity_motor_parts,,Lilongwe,3aDHAZPSuHNx,,,,,,,yes,ChIJ21Y-mhnTIRkR-LbBlGpAYbI
garage,"universal car parts",biz.universalcarparts.QA-Ev4@motorlink.test,universal_car_parts,,Lilongwe,7DqnRNw!sG6u,https://malawi-business.com/universal-car-parts/,,,,,,no,ChIJObJQEQDTIRkRiav1gQA-Ev4
garage,"Xtreme Auto Parts",biz.xtremeautoparts.CMfDAQ@motorlink.test,xtreme_auto_parts,"0995 51 77 42",Lilongwe,nwQ9tcRjyUYS,,,,,,,yes,ChIJf26xbCrVIRkRTjLkpCMfDAQ
garage,"Car parts",biz.carparts.lyvESE@motorlink.test,car_parts,"0995 14 33 55",Lilongwe,GG8mG@9Y9gyv,,,,,,,yes,ChIJf7nmK9UtIBkR5FchYlyvESE
garage,"SRS Carbon Cleaning Service",biz.srscarboncleaningser.yW_XAA@motorlink.test,srs_carbon_cleaning_service,"0999 98 37 30",Lilongwe,hcQdQ8chFcf#,,,,,,,yes,ChIJ9znr9vbTIRkR4kh_WyW_XAA
garage,"PERFECT AUTO ENGINEERING LTD",biz.perfectautoengineeri.tuj82Y@motorlink.test,perfect_auto_engineering_ltd,"0997 70 78 90",Lilongwe,tzM3#sZKCCYT,,,,,,,yes,ChIJE8vE-T_TIRkRw49Fltuj82Y
garage,"MPS HQ",biz.mpshq.DPgaQg@motorlink.test,mps_hq,,Lilongwe,aJrMQ4WVpV2T,,,,,,,no,ChIJV7wSaADTIRkRN9cIsDPgaQg
garage,"Mzama General Engineers",biz.mzamageneralengineer.yJ5rV8@motorlink.test,mzama_general_engineers,"0998 42 96 56",Lilongwe,@y5u5nZ9WCJ9,,,,,,,yes,ChIJh-LBn1AtIBkRn9_C4yJ5rV8
garage,"JCM automatic gearbox repair & services",biz.jcmautomaticgearboxr.BqhgUo@motorlink.test,jcm_automatic_gearbox_repair,"0999 73 48 67",Lilongwe,DVcDhZf8YNwE,,,,,,,yes,ChIJZ-G-RgLTIRkRv_AbABqhgUo
garage,"Lsmart motors",biz.lsmartmotors.miXHXk@motorlink.test,lsmart_motors,,Lilongwe,g3Upucf5hA6C,,,,,,,yes,ChIJn3huKwDTIRkRqce8smiXHXk
garage,"Emmy prime author spare parts",biz.emmyprimeauthorspare.v7Tpjw@motorlink.test,emmy_prime_author_spare_part,"0997 27 49 19",Lilongwe,5TsXe9Mud2z!,,,,,,,yes,ChIJMbB4nejTIRkRQCWDmv7Tpjw
garage,"Auto King",biz.autoking.WAC0Ng@motorlink.test,auto_king,"0999 64 36 33",Lilongwe,34r@pJG9UrDp,,,,,,,yes,ChIJIatVbgDTIRkR9MVp2WAC0Ng
garage,"MC CAR & TRUCKS BREAKERS",biz.mccartrucksbreakers.4V_YQk@motorlink.test,mc_car_trucks_breakers,"0991 49 52 49",Lilongwe,@tPxe22ESxD3,,,,,,,yes,ChIJr7cQ6xzTIRkRwD_RM4V_YQk
garage,"J.M Bearing Center",biz.jmbearingcenter.fbu6DY@motorlink.test,j_m_bearing_center,"0991 79 25 52",Lilongwe,hqKg3WtJk2RC,,,,,,,no,ChIJk8bCUQDTIRkRm8lG6fbu6DY
garage,"TotalEnergies Gateway Mall Service Station",biz.totalenergiesgateway.ONIqJI@motorlink.test,totalenergies_gateway_mall_s,"0992 78 20 38",Lilongwe,t4etRQDVvJcg,https://mw.totalenergies.com/,,,,,,yes,ChIJFWmN5Z4VHxkRgPJuaONIqJI
garage,"TotalEnergies Walkers Service Station",biz.totalenergieswalkers.gWJ6_Q@motorlink.test,totalenergies_walkers_servic,"0985 02 55 31",Lilongwe,pdZM!6AQPMuh,https://mw.totalenergies.com/,,,,,,yes,ChIJrQOFez7dIRkRnWVIwgWJ6_Q
garage,"TotalEnergies Independence Drive Service Station",biz.totalenergiesindepen.qEMnVU@motorlink.test,totalenergies_independence_d,"0888 84 14 21",Lilongwe,Aq9hxjCqwvqv,https://mw.totalenergies.com/,,,,,,yes,ChIJpWQGf2oVHxkR_I01IqEMnVU
garage,"TotalEnergies Lilongwe Main Service Station",biz.totalenergieslilongw.WviKd4@motorlink.test,totalenergies_lilongwe_main_,"0888 96 29 00",Lilongwe,VR@5DkAZS5bs,https://mw.totalenergies.com/,,,,,,yes,ChIJl_evW6drHxkRvT7D1WviKd4
garage,"TotalEnergies Area 6 Service Station",biz.totalenergiesarea6se.TYMko4@motorlink.test,totalenergies_area_6_service,"0999 31 37 86",Lilongwe,MzSuDpwgfR8y,https://mw.totalenergies.com/,,,,,,yes,ChIJOxxVDSEVHxkRyHo9ITYMko4
garage,"Best Oil Filling Station Area 49",biz.bestoilfillingstatio.Q0wB3o@motorlink.test,best_oil_filling_station_are,"0988 11 62 45",Lilongwe,b2AyMEvXvNBW,,,,,,,yes,ChIJ9Q0XWsHVIRkR7yTueQ0wB3o
garage,"TotalEnergies Ufulu Road Service Station",biz.totalenergiesufuluro.u4IeIk@motorlink.test,totalenergies_ufulu_road_ser,"0995 30 77 31",Lilongwe,r5teq!J2G!ju,https://mw.totalenergies.com/,,,,,,yes,ChIJ92xlkU0VHxkR-KNlcu4IeIk
garage,"Puma Energy Malawi City Center Service Station",biz.pumaenergymalawicity.ZWgzx8@motorlink.test,puma_energy_malawi_city_cent,"0884 90 57 54",Lilongwe,QetK@yP9VCPj,https://pumaenergy.com/country/malawi-2/,https://www.facebook.com/PumaEnergy,,,https://www.linkedin.com/company/puma-energy,,yes,ChIJ_au70SrTIRkRd9nMPZWgzx8
garage,"TotalEnergies Bunda Service Station",biz.totalenergiesbundase.FdDgvY@motorlink.test,totalenergies_bunda_service_,"0999 84 23 98",Lilongwe,HKg97BqXrdRv,https://mw.totalenergies.com/,,,,,,yes,ChIJJyebvdW9IRkRwMkeHFdDgvY
garage,"TotalEnergies Kanengo Service Station",biz.totalenergieskanengo.4DZ6ak@motorlink.test,totalenergies_kanengo_servic,,Lilongwe,QZRqrBWhhwhX,https://mw.totalenergies.com/,,,,,,yes,ChIJ4SOZ1MjUIRkRkjb9e4DZ6ak
garage,"TotalEnergies Area 12 Service Station",biz.totalenergiesarea12s.K5ojHQ@motorlink.test,totalenergies_area_12_servic,,Lilongwe,5meqyuSWP5Qy,https://mw.totalenergies.com/,,,,,,yes,ChIJb2wxTrgsIBkRBHvSuK5ojHQ
garage,"Puma Energy Lilongwe Service Station",biz.pumaenergylilongwese.e4nkaE@motorlink.test,puma_energy_lilongwe_service,"0999 01 15 99",Lilongwe,F9Gb3Kdp6#Hr,https://pumaenergy.com/country/malawi-2/,https://www.facebook.com/PumaEnergy,,,https://www.linkedin.com/company/puma-energy,,yes,ChIJx25hu9zSIRkRZuWQue4nkaE
garage,"TotalEnergies Mantino Service Station",biz.totalenergiesmantino.rfvXn4@motorlink.test,totalenergies_mantino_servic,"0888 82 27 94",Lilongwe,h3cxJK@FU5VM,https://mw.totalenergies.com/,,,,,,yes,ChIJt0TbQc4VHxkRfNjYZrfvXn4
garage,"Blantyre Mechanical Services",biz.blantyremechanicalse.cqHMgg@motorlink.test,blantyre_mechanical_services,"0992 23 47 55",Blantyre,z2f!uWZku7a!,https://bmsmw.github.io/web/,,,,,https://wa.me/265992234755,yes,ChIJkSufCwBF2BgRgsUpLcqHMgg
garage,"Nutech Automotive",biz.nutechautomotive.-8kz6o@motorlink.test,nutech_automotive,"0996 37 70 69",Blantyre,@YQJsdJs3BuE,,,,,,,no,ChIJI1jjketF2BgR_eeeZ-8kz6o
car_hire,"Anna's Car Rental (ACR) - Lilongwe Branch",biz.annascarrentalacrlil.FKptFs@motorlink.test,anna_s_car_rental_acr_lilong,"0881 47 34 05",Lilongwe,yjwdJEJ8bFCa,https://annascarrentals.com/,,,,,,yes,ChIJ8QE49vvTIRkR6Qx7_FKptFs
car_hire,"Prefavour Taxi services",biz.prefavourtaxiservice.susAtQ@motorlink.test,prefavour_taxi_services,"0991 67 31 70",Lilongwe,3YRk97AG!7Cq,https://pre-favourtaxis.com/,,,,,,yes,ChIJ3x3Yke15HxkRAodYosusAtQ
car_hire,"Central Bridge Taxi",biz.centralbridgetaxi.u6lWSg@motorlink.test,central_bridge_taxi,"0999 37 43 74",Lilongwe,s!S8WwGQjH5e,https://taxi-central-bridge.getlandingsite.com/?fbclid=IwY2xjawLiJdFleHRuA2FlbQIxMQABHvjbonmUUlSbnwHCyB6kWg3NYBBfEWiN16UkbS_bRIF2mUK9ujML1nkLlAdI_aem_gTnJgQ-UIgN7tndsNUlfig,,,,,,yes,ChIJO4xObQbOhEMR0_1C5u6lWSg
car_hire,"RaiVen Car Hire/Car Rentals",biz.raivencarhirecarrent.QmXPn0@motorlink.test,raiven_car_hire_car_rentals,"0887 35 59 21",Lilongwe,Ahh5b@WVGjpj,,,,,,,yes,ChIJpYQ-x6jTIRkRrTckTQmXPn0
car_hire,"DK Tours and Car Rentals",biz.dktoursandcarrentals.Rirx_A@motorlink.test,dk_tours_and_car_rentals,"0991 39 22 87",Lilongwe,2GkAD!myGDbA,,,,,,,yes,ChIJ3fOlBKZ5HxkRB6snrRirx_A
car_hire,"Weafrica Ride",biz.weafricaride.xldcDg@motorlink.test,weafrica_ride,"0899 92 02 00",Lilongwe,URXtdfVqV4Bt,https://www.weafrica.net/,https://www.facebook.com/WeafricaTechnologies,https://www.instagram.com/weafricaride,,https://www.linkedin.com/company/weafrica-ride-ltd,,yes,ChIJSbY_GY_TIRkRknCOYxldcDg
car_hire,"Convenient car hire",biz.convenientcarhire.HvkGXo@motorlink.test,convenient_car_hire_3,"0888 71 27 87",Lilongwe,mW7b4Hq3d#xm,,,,,,,yes,ChIJZQehQGLzYWoRPybAIHvkGXo
car_hire,"Kamuzu International Airport",biz.kamuzuinternationala.7mRjvU@motorlink.test,kamuzu_international_airport,"01 700 899",Lilongwe,QRUpGt3FtQq#,https://www.malawian-airlines.com/aa/services/services-at-the-airport/lilongwe-airport,https://www.facebook.com/malawianair,,https://twitter.com/MalawiAirlines,,,yes,ChIJb0mXI09_HxkRV1Hss7mRjvU
car_hire,"1-2 Travel Africa",biz.12travelafrica.f3RGtY@motorlink.test,1_2_travel_africa,"0993 95 27 79",Lilongwe,PqzpKTD#seaC,http://www.12travelafrica.com/,,,,,https://wa.me/265993952779,yes,ChIJS2RFUNUtIBkRdNyc9f3RGtY
car_hire,"Massive Taxi Service",biz.massivetaxiservice.R0-ey8@motorlink.test,massive_taxi_service,"0990 63 17 41",Lilongwe,mCABx82c6Ujb,,,,,,,yes,ChIJXSFLgTPTIRkRGhat9R0-ey8
car_hire,"Satguru Travel Lilongwe",biz.satgurutravellilongw.F4VWMo@motorlink.test,satguru_travel_lilongwe,"0883 25 02 50",Lilongwe,W3qh385dk5aK,https://satgurutravel.com/malawi/,https://www.facebook.com/Satguru.ToursandTravels,https://www.instagram.com/satgurutravels,https://twitter.com/ToursSatguru,https://www.linkedin.com/company/satguru-travel-and-tourism-services,,yes,ChIJpezBjPbTIRkRl6JZaF4VWMo
car_hire,"Mike Taxi Services",biz.miketaxiservices.5kY3js@motorlink.test,mike_taxi_services,"0996 67 51 34",Lilongwe,XbDVvMskRXCv,,,,,,,yes,ChIJrc-4QdfTIRkRYGzO55kY3js
car_hire,"Africa House Malawi",biz.africahousemalawi.G2kiW4@motorlink.test,africa_house_malawi,"0999 82 86 87",Lilongwe,5UYPXZM5jDz6,http://www.africahousemalawi.com/,https://www.facebook.com/africahousemalawi,https://www.instagram.com/africa_house_malawi,https://twitter.com/africahousemw,,https://wa.me/265888356295,yes,ChIJrW4E-E0rIBkRDY9KdG2kiW4
car_hire,"Acts of Kindness Taxi Service",biz.actsofkindnesstaxise.xM-eTk@motorlink.test,acts_of_kindness_taxi_servic,"0888 78 19 09",Lilongwe,Nmjk73pu2Kks,,,,,,,yes,ChIJb97cZBt5HxkRLULPExM-eTk
car_hire,"Barloworld Equipment And Power Lilongwe",biz.barloworldequipmenta.k5GWzM@motorlink.test,barloworld_equipment_and_pow,"0999 95 46 51",Lilongwe,7Q469WjDBch5,,,,,,,no,ChIJG-lLqdbVIRkRpn2RHk5GWzM
car_hire,"Kwezybuses Gateway Mall",biz.kwezybusesgatewaymal.F-uQnQ@motorlink.test,kwezybuses_gateway_mall,"0886 78 03 56",Lilongwe,yFWbCURhGjJC,http://www.kwezybuses.com/,,,,,,yes,ChIJGyVX2sXTIRkRbTaiCF-uQnQ
car_hire,"Lilongwe Bus Terminal",biz.lilongwebusterminal.r4G2Yg@motorlink.test,lilongwe_bus_terminal,,Lilongwe,6NmacX652Hyx,,,,,,,no,ChIJKUI5KgDTIRkRt-uZkr4G2Yg
car_hire,"Machawi Coaches |Malawi",biz.machawicoachesmalawi.-3Bf3E@motorlink.test,machawi_coaches_malawi,,Lilongwe,hjW3Mkzk8kBa,https://machawicoaches.com/,,,,,,yes,ChIJC1XQOABF2BgR7i1A4-3Bf3E
car_hire,"AXA Bus Service",biz.axabusservice.TEjI8o@motorlink.test,axa_bus_service,"01 820 100",Lilongwe,6kb@RpQ9@@zT,,,,,,,no,ChIJS7-rAgnTIRkRSt2TDTEjI8o
car_hire,"UBZ United Bus Company Zambia (2020)",biz.ubzunitedbuscompanyz.0mioU4@motorlink.test,ubz_united_bus_company_zambi,"0987 98 60 44",Lilongwe,PQVtcM5QMRh2,,,,,,,yes,ChIJC6PQYwDTIRkRWYnti0mioU4
car_hire,"Smart Ride Malawi",biz.smartridemalawi.h7fRWw@motorlink.test,smart_ride_malawi,"0999 22 25 05",Lilongwe,ntQ3UYyQJ6H!,,,,,,,yes,ChIJjz8PB9jTIRkRBGtXFh7fRWw
car_hire,"Munorurama, Falls, Lilongwe",biz.munoruramafallslilon.ziFNsc@motorlink.test,munorurama_falls_lilongwe,"0999 94 99 30",Lilongwe,3HTSzcf9w562,http://munorurama.com/,,,,,,yes,ChIJIW7cdHTTIRkR1mzpmziFNsc
car_hire,"3 Star Bus",biz.3starbus.EvG3Oo@motorlink.test,3_star_bus,"0991 33 08 58",Lilongwe,JaztEbjXejU5,,,,,,,no,ChIJLx2KZgDTIRkR8HySgEvG3Oo
car_hire,"Drive South Africa - Head Office - Bellville",biz.drivesouthafricahead.IVOF38@motorlink.test,drive_south_africa_head_offi,"021 423 1912",Lilongwe,CSzuRHJE@9eR,https://www.drivesouthafrica.com/za/rentals/car-hire/south-africa/cape-town/bellville/,https://www.facebook.com/DriveSouthAfrica,https://www.instagram.com/drivesouthafrica,https://twitter.com/drivingafrica,,,yes,ChIJrYr-8b1QzB0R4oB5pIVOF38
car_hire,Emmac,biz.emmac.6TYnK8@motorlink.test,emmac,"0999 78 27 06",Lilongwe,wm!S#@XvSVF2,http://www.emmaccarrentals.com/,,https://www.instagram.com/emma.ccarrentals,https://twitter.com/caremmac78683,,,no,ChIJ8bX_BQDVIRkR9HBpp6TYnK8
car_hire,"Safari Car Rental",biz.safaricarrental.C92NkI@motorlink.test,safari_car_rental,"083 723 1900",Lilongwe,V!NHDBz5HcFf,https://safaricarrentalnamibia.com/,https://www.facebook.com/SafariCarRental,,,,,yes,ChIJoR2uQTwHCxwR-o6EWC92NkI
car_hire,"Summit 4x4 Safaris : Vehicle Rentals",biz.summit4x4safarisvehi.l8ujL0@motorlink.test,summit_4x4_safaris_vehicle_r,"074 177 4787",Lilongwe,q4c#y9QnkZRg,https://www.summit4x4safaris.com/,https://www.facebook.com/summit4x4safaris,https://www.instagram.com/summit4x4safari,,,,yes,ChIJ2XSrDJdfzB0ROuv7Hl8ujL0
car_hire,"Arusha Car Rental & Safaris | 4X4 Car Hire, Self Drive Safari with rooftop tent/camp in Arusha",biz.arushacarrentalsafar.SDy-6I@motorlink.test,arusha_car_rental_safaris_4x,"0782 411 622",Lilongwe,#7eVncmtsRzm,https://www.arushacarrental.co.tz/,https://www.facebook.com/arushacarrental,,,,,yes,ChIJUwSeAo8cNxgR5yc4DSDy-6I
car_hire,"Rex Taxi Blantyre",biz.rextaxiblantyre.Yj4Jd4@motorlink.test,rex_taxi_blantyre,"0884 12 14 14",Blantyre,hNC@yVywH7JF,https://rextaxi.github.io/,,,,,,yes,ChIJieKXdSlKuI8RnU4k3Yj4Jd4
car_hire,"MSM car agency",biz.msmcaragency.j8v00g@motorlink.test,msm_car_agency,"0995 44 07 11",Blantyre,35xVFJ8Y8W!!,,,,,,,yes,ChIJlSJFG_ZF2BgR6O5Gvj8v00g
car_hire,"Linga Lathu Services",biz.lingalathuservices.9JNgs8@motorlink.test,linga_lathu_services,"0880 77 57 75",Blantyre,wa@59tcyv6aR,http://www.lingalathu.com/,,,,,,yes,ChIJfQtwVFFF2BgRcylJM9JNgs8
car_hire,"Savanna Car Hire - Savanna Logistics",biz.savannacarhiresavann.gtCMaQ@motorlink.test,savanna_car_hire_savanna_log,"0999 55 15 41",Blantyre,ANQg8dUXgcU@,http://www.savannacars.com/,,,,,,yes,ChIJUfjdRopP2BgRTLe1ggtCMaQ
car_hire,"Taxify Malawi",biz.taxifymalawi.aJ5ybw@motorlink.test,taxify_malawi,"0888 67 72 44",Blantyre,nsQQSuTpk5hk,https://www.taxifymalawi.com/,,,,,,no,ChIJ4ZZb2kBF2BgRGeuYlaJ5ybw
car_hire,"Wonder Car Detailing Services",biz.wondercardetailingse.sJqH-A@motorlink.test,wonder_car_detailing_service,"0883 67 19 94",Blantyre,hgjs3rNNbbY8,,,,,,,no,ChIJKfyjotdF2BgR_9HVZsJqH-A
car_hire,"Chileka international airport",biz.chilekainternational.Nd1CLw@motorlink.test,chileka_international_airpor,"097 4560039",Lilongwe,dxtRxVxtkhQt,,,,,,,yes,ChIJ9URfxuFb2BgR8Jhl2Nd1CLw
car_hire,Ecoride,biz.ecoride.CRVmVI@motorlink.test,ecoride,,Blantyre,sMvFZ97Hv9y6,,,,,,,no,ChIJi3qBcLBF2BgRrGL1SCRVmVI
car_hire,"Wil transport",biz.wiltransport.LW4Bvo@motorlink.test,wil_transport,"0882 19 23 27",Blantyre,3RMY7x@Q8fs2,,,,,,,no,ChIJQxxJDChF2BgRAHuGoLW4Bvo
car_hire,kemacarhire,biz.kemacarhire.jPdCfs@motorlink.test,kemacarhire,"0990 00 02 02",Blantyre,#PgeP2Mh3TCs,http://www.kemacarhire.com/,,,,,,yes,ChIJo_hgsBhb2BgRWF4vYjPdCfs
car_hire,"Scenic Events Center",biz.sceniceventscenter.3rdAOk@motorlink.test,scenic_events_center,"0999 00 00 30",Blantyre,rJACwrnfQKam,,,,,,,yes,ChIJKV8_t0Ja2BgRyKsUv3rdAOk
car_hire,"Eden Initiative- Car rental & Sales",biz.edeninitiativecarren.YG1Cnw@motorlink.test,eden_initiative_car_rental_s,"0997 33 23 92",Blantyre,tSJwtQ4PyPYr,,,,,,,no,ChIJ0bXkiCNJ2BgRUwEdFYG1Cnw
car_hire,"Area 5 Pick Ups and Trucks for Hire",biz.area5pickupsandtruck.vNDEh0@motorlink.test,area_5_pick_ups_and_trucks_f,,Blantyre,qY7MjcjembsH,,,,,,,no,ChIJocZ-ZwBR2BgR6UqlYvNDEh0
car_hire,"Sososo Coaches",biz.sososocoaches.m4A94M@motorlink.test,sososo_coaches,"0888 33 71 72",Blantyre,J4eC2F@2JCUf,,,,,,,yes,ChIJtzRmoNZF2BgRWqSsKm4A94M
car_hire,"Axa Bus Depot Blantyre",biz.axabusdepotblantyre.FpZjYw@motorlink.test,axa_bus_depot_blantyre,"01 820 100",Blantyre,NFEDQ4U#8VVx,,,,,,,yes,ChIJpckqsglF2BgRkKC0sFpZjYw
car_hire,"ULEMU COACHES",biz.ulemucoaches.-9DiXM@motorlink.test,ulemu_coaches,"0999 93 83 14",Blantyre,RNxA!PqFKT#V,,,,,,,no,ChIJl_OmeyNF2BgR4nQF--9DiXM
car_hire,"Kwezy Buses",biz.kwezybuses.30Kee4@motorlink.test,kwezy_buses,,Blantyre,ExwrMb#!kKvA,,,,,,,yes,ChIJ5Q5VVABF2BgRRl6O430Kee4
car_hire,"Wenela Bus Station",biz.wenelabusstation.TW3q-s@motorlink.test,wenela_bus_station,,Blantyre,jJyz4rtNGmZ2,,,,,,,yes,ChIJUVsVwgpF2BgR7r1mQTW3q-s
car_hire,"National bus company (Blantyre)",biz.nationalbuscompanybl.IscOts@motorlink.test,national_bus_company_blantyr,,Blantyre,WKeQxFbmXz2t,,,,,,,no,ChIJIccI3cFF2BgRMJg1-IscOts
car_hire,"Sangano Logistics",biz.sanganologistics.jH6tAU@motorlink.test,sangano_logistics,"0988 47 96 69",Blantyre,tTYEf2vGEUJ@,,,,,,,yes,ChIJtV-DeQBF2BgRCp7WcjH6tAU
car_hire,"Kenny Taxi services",biz.kennytaxiservices.5I5dI8@motorlink.test,kenny_taxi_services,"0999 17 65 12",Mzuzu,v5h!88ynbQY#,,,,,,,yes,ChIJTzzqaoU7HRkROf7WM5I5dI8
car_hire,"Satguru Travel Mzuzu",biz.satgurutravelmzuzu.3AyPjo@motorlink.test,satguru_travel_mzuzu,"0885 35 02 50",Mzuzu,74PsbVVdX#rr,,,,,,,yes,ChIJD3440IU7HRkRKsZi63AyPjo
car_hire,"ASPECT CAR LIMITED",biz.aspectcarlimited.m19mcU@motorlink.test,aspect_car_limited,"0990 10 19 93",Mzuzu,s8DJQZ2dUWXX,,,,,,,yes,ChIJbY5-sEkxHRkR9Q0aUm19mcU
car_hire,"Mzuzu shared taxi centre",biz.mzuzusharedtaxicentr.9QCpss@motorlink.test,mzuzu_shared_taxi_centre,"0995 08 36 97",Mzuzu,8tNfC@jFxuRc,,,,,,,yes,ChIJtzc22rE7HRkRPWpMs9QCpss
car_hire,"MZUNI Executive Car wash",biz.mzuniexecutivecarwas.FFUEvI@motorlink.test,mzuni_executive_car_wash,"0888 86 76 92",Mzuzu,ThkpfccJcgMJ,,,,,,,yes,ChIJbZO5dwAxHRkRKjokiFFUEvI
car_hire,"Elisha Taxi Rank",biz.elishataxirank.tXvLa0@motorlink.test,elisha_taxi_rank,"0996 37 49 94",Mzuzu,Gpr@r68zYe4f,,,,,,,no,ChIJeZN6KQA7HRkRQWJdCtXvLa0
car_hire,"Sososo Coach",biz.sososocoach.UJ2Pg4@motorlink.test,sososo_coach,"0888 33 71 72",Mzuzu,Hqmg4v6HYQ2b,https://m.facebook.com/pages/category/Eco-Tour-Agency/SOSOSO-COACHES-298451330615678/,https://www.facebook.com/login.php,,,,,yes,ChIJvY-46887HRkRvwsuOUJ2Pg4
car_hire,"GOLDEN EXUCTIVE CAR WASH",biz.goldenexuctivecarwas.-n2x3Y@motorlink.test,golden_exuctive_car_wash,"0994 81 12 96",Mzuzu,zbXF4A9qWjNt,,,,,,,yes,ChIJTdrloak7HRkR5N3Hd-n2x3Y
car_hire,"Nathan's Mechanical Services",biz.nathansmechanicalser.zvdZGs@motorlink.test,nathan_s_mechanical_services,"0999 25 69 41",Mzuzu,pU2em8m8vZdF,,,,,,,no,ChIJhWJwfAAxHRkRtvGNFzvdZGs
car_hire,"Mzuzu Airport",biz.mzuzuairport.ay2-nw@motorlink.test,mzuzu_airport,,Mzuzu,cua#QrD6Kngp,,,,,,,yes,ChIJAXKpfAA7HRkRye5IVay2-nw
car_hire,"Nugs Logistics",biz.nugslogistics.ZAyKqI@motorlink.test,nugs_logistics,"0999 62 03 03",Mzuzu,6uBH4QxJ7d26,,,,,,,no,ChIJzW0oEhMxHRkRXI0mFZAyKqI
car_hire,"Plant and Vehicle Hire Organisation",biz.plantandvehiclehireo.PBx-ag@motorlink.test,plant_and_vehicle_hire_organ,,Mzuzu,hsUvF!bznq3G,,,,,,,no,ChIJBcvH92A6HRkRXmP4pPBx-ag
car_hire,"Zimema jere residence",biz.zimemajereresidence.R7yrwc@motorlink.test,zimema_jere_residence,,Mzuzu,u#dS8KJqKHt4,,,,,,,no,ChIJXTcFfAAxHRkRSfbl8R7yrwc
car_hire,"Bus Station",biz.busstation.mCgJ2M@motorlink.test,bus_station,,Mzuzu,jxxntM5pBkVh,,,,,,,yes,ChIJFbMGmYg6HRkRJVgNbmCgJ2M
car_hire,"Tyre Express",biz.tyreexpress.MgjbM0@motorlink.test,tyre_express,"0999 95 50 27",Zomba,sNBm@zHCusvx,,,,,,,yes,ChIJRwT2cQAF2RgRJoyi2MgjbM0
car_hire,Signature,biz.signature.6kUfdA@motorlink.test,signature,"0983 84 22 14",Zomba,M5vvbRz7kvjj,,,,,,,no,ChIJF1sFGAAF2RgRpzbbW6kUfdA
car_hire,"Zero tech",biz.zerotech.5Vh3S8@motorlink.test,zero_tech,,Zomba,aMrDVd7cTQag,,,,,,,no,ChIJf6AfbQAF2RgRGNdMg5Vh3S8
car_hire,"Mutala Auto Services",biz.mutalaautoservices.yCoz4s@motorlink.test,mutala_auto_services,,Zomba,ccNxxyZ#2Znz,,,,,,,no,ChIJ8yYNWKIF2RgRj-2tsyCoz4s
car_hire,"Africa Wild Truck",biz.africawildtruck.7Kmawc@motorlink.test,africa_wild_truck,"0995 94 15 42",Thyolo,fswDUbqg5R8u,http://www.africawildtruck.com/en,https://www.facebook.com/africawildtruck,https://www.instagram.com/africawildtruck,https://twitter.com/africawildtruck,,,yes,ChIJ4_PuarPi2RgRyV49h7Kmawc
car_hire,Chimwemwe,biz.chimwemwe.Gaxp9M@motorlink.test,chimwemwe,,Zomba,Gp63ed5emQjV,,,,,,,yes,ChIJf__cHAAF2RgRjt4PAGaxp9M
car_hire,"G4S Zomba",biz.g4szomba.tzPfoo@motorlink.test,g4s_zomba,"0888 84 47 89",Zomba,@@wwUYcVTkWq,http://www.g4s.com/en-mw,https://www.facebook.com/G4S,https://www.instagram.com/g4slimited,https://twitter.com/g4s,https://www.linkedin.com/company/g4s,,no,ChIJyx-vj1cF2RgRaQ_udtzPfoo
car_hire,"TotalEnergies Zomba Universal Service Station",biz.totalenergieszombaun.i-Lrho@motorlink.test,totalenergies_zomba_universa,"0888 82 19 55",Zomba,znzzChNMp8RP,https://mw.totalenergies.com/,,,,,,yes,ChIJLzy9_z7f2BgR48rFhi-Lrho
car_hire,"Zomba Airport",biz.zombaairport.um6Zmc@motorlink.test,zomba_airport,"0992 29 31 03",Zomba,vAe8!EsDRNYb,,,,,,,yes,ChIJq6qqumQF2RgRoK64Num6Zmc
car_hire,"T & D GUESTHOUSE",biz.tdguesthouse.EUcNtU@motorlink.test,t_d_guesthouse,"0999 50 70 79",Zomba,s5ynSAW@7MAc,,,,,,,yes,ChIJ_f-vScIE2RgRUtD64EUcNtU
car_hire,"Sunbird Ku Chawe",biz.sunbirdkuchawe.8mTv60@motorlink.test,sunbird_ku_chawe,"0888 96 51 41",Zomba,UpH4#Dv!hK92,,,,,,,yes,ChIJ9QCEfYAc2RgRSbFVh8mTv60
car_hire,"Bluegum Avenue Lodge",biz.bluegumavenuelodge.j-IkR0@motorlink.test,bluegum_avenue_lodge,"0983 15 23 64",Zomba,BCDfY3k@eH8H,,,,,,,yes,ChIJNxRN_PgF2RgRohE86j-IkR0
car_hire,"Zomba Bus Depot",biz.zombabusdepot.mCjVtw@motorlink.test,zomba_bus_depot,,Zomba,jfJTXD@5EQz@,,,,,,,yes,ChIJ6f0HRL4E2RgRcVs8-mCjVtw
car_hire,"Aeroportul Kasungu",biz.aeroportulkasungu.HNoFhA@motorlink.test,aeroportul_kasungu,,Kasungu,g4AzkPUFFGCC,,,,,,,yes,ChIJ_VTJ3zrqHhkR8Ycc5HNoFhA
